ID,Title,Description,Price,Location_Address,Location_City,Location_State,Location_Area,Amenities,Contact,Max_Guests,Rating_Average,Rating_Count,Rules,PG_Options_Single,PG_Options_Double,PG_Options_Triple,PG_Options_Quad,Created_At,Source
"15435e7e-1be0-4e64-a4fb-33486106c60e","More details VIGNESHWARA NEW LUXURY PG FOR LADIES -FULLY FURNISHED ROOMS - HOMELY ATMOSPHERE - TV IN","Premium PG accommodation in malleswaram. Amenities include: wifi, ac, tv, parking, meals, laundry, security, gym, cctv, kitchen, refrigerator, microwave, heater. Contact: 7411787777",8000.00,"Shodhan Rainbow, No. 205, 2nd Main, Rukmini Nagar, Off Tumkur road, Adjacent to HMT Layout, Nagasandra, Bengaluru, Karnataka 560073 Landmark: Near Christ University Yeshwanthpur Campus Contact: RAGHU ","Bangalore","Karnataka","malleswaram","wifi; ac; tv; parking; meals; laundry; security; gym; cctv; kitchen; refrigerator; microwave; heater","",2,4.2,55,"No smoking inside the premises; Visitors allowed only during day time; Maintain cleanliness; Follow house rules",12000,8000,6000,5000,"Fri Oct 24 2025 15:37:41 GMT+0530 (India Standard Time)","manual"
"e3728d4f-80ce-4b8b-ac6b-445495acaefe","Bangalore BANNU NEW LUXURY PG FOR MEN -Fully Furnished New Executive Rooms - LED TV & Telephone in e","Premium PG accommodation in adugodi. Amenities include: wifi, ac, tv, parking, meals, laundry, security, gym, cctv, kitchen, refrigerator. Contact: 9972450169",8000.00,"# 412, 1st Cross, Hosur Main Road, Adugodi Signal Nanjappa Layout, Bangalore 560030 Landmark : Close to Forum Mall (Just a 2 mins walk), Near Christ University and Accenture Contact: DASARI VIJAY 9972","Bangalore","Karnataka","adugodi","wifi; ac; tv; parking; meals; laundry; security; gym; cctv; kitchen; refrigerator","",2,4.2,58,"No smoking inside the premises; Visitors allowed only during day time; Maintain cleanliness; Follow house rules",12000,8000,6000,5000,"Fri Oct 24 2025 15:37:41 GMT+0530 (India Standard Time)","manual"
"be84f762-b10f-4cef-b068-992d845584cc","Fully Furnished New luxury PG - Hi-Speed WI-FI Connectivity - LED TV in every room - North & South I","Premium PG accommodation in adugodi. Amenities include: wifi, ac, tv, parking, meals, laundry, security, cctv, refrigerator. Contact: ",8000.00,"# 2/1, 80 ft. Road, Kormangala 7th Block, Bangalore - 560095 Landmark : Near Forum Mall Koramangala and Near JNC College","Bangalore","Karnataka","adugodi","wifi; ac; tv; parking; meals; laundry; security; cctv; refrigerator","",2,4.2,12,"No smoking inside the premises; Visitors allowed only during day time; Maintain cleanliness; Follow house rules",12000,8000,6000,5000,"Fri Oct 24 2025 15:37:41 GMT+0530 (India Standard Time)","manual"
"7c4a7169-daa5-4e3f-a3ed-4d57b19cdba3","More details SRI GANGA NEW LUXURY PG FOR GIRLS -New Apaprtment with all Luxuries - Fully Furnished E","Premium PG accommodation in electroniccity. Amenities include: wifi, ac, tv, parking, meals, laundry, security, gym, cctv, kitchen, refrigerator. Contact: 6360686076",8000.00,"Chennakeshava Nagar, Hosa Road Pragathi Nagar, Electronic City, Bengaluru, Karnataka 560100 Landmark: Close to PES School of Engineering and Electronic City Contact: NARESH 6360686076 8431939566 Pleas","Bangalore","Karnataka","electroniccity","wifi; ac; tv; parking; meals; laundry; security; gym; cctv; kitchen; refrigerator","",2,4.2,41,"No smoking inside the premises; Visitors allowed only during day time; Maintain cleanliness; Follow house rules",12000,8000,6000,5000,"Fri Oct 24 2025 15:37:41 GMT+0530 (India Standard Time)","manual"
"76b702a8-6b32-4036-b384-ebbbb63c85ac","SRI DEVI NEW LUXURY PG FOR MEN -Fully Furnished New Luxury Rooms - LED TV in Each Room - HIGH Speed ","Premium PG accommodation in electroniccity. Amenities include: wifi, ac, tv, parking, meals, laundry, security, gym, cctv, kitchen, refrigerator, iron, balcony. Contact: 9686262574",8000.00,"# 123, Silicon Town, Near Family Express Super Market, Opp. to Tirumala Apartment, Electronic City Phase 2, Bangalore 560100 Landmark: Near Tech Mahindra, Siemens and TCS, Electronic City, Bangalore C","Bangalore","Karnataka","electroniccity","wifi; ac; tv; parking; meals; laundry; security; gym; cctv; kitchen; refrigerator; iron; balcony","",2,4.2,21,"No smoking inside the premises; Visitors allowed only during day time; Maintain cleanliness; Follow house rules",12000,8000,6000,5000,"Fri Oct 24 2025 15:37:41 GMT+0530 (India Standard Time)","manual"
"0e998da1-103a-4ef9-99e9-3b6261c96b43","MEN WOMEN SRI DEVI NEW LUXURY PG FOR MEN -Fully Furnished New Luxury Rooms - LED TV in Each Room - H","Premium PG accommodation in electroniccity. Amenities include: wifi, ac, tv, parking, meals, laundry, security, gym, cctv, kitchen, refrigerator, iron, balcony. Contact: 9686262574",8000.00,"# 123, Silicon Town, Near Family Express Super Market, Opp. to Tirumala Apartment, Electronic City Phase 2, Bangalore 560100 Landmark: Near Tech Mahindra, Siemens and TCS, Electronic City, Bangalore C","Bangalore","Karnataka","electroniccity","wifi; ac; tv; parking; meals; laundry; security; gym; cctv; kitchen; refrigerator; iron; balcony","",2,4.2,14,"No smoking inside the premises; Visitors allowed only during day time; Maintain cleanliness; Follow house rules",12000,8000,6000,5000,"Fri Oct 24 2025 15:37:41 GMT+0530 (India Standard Time)","manual"
"8b3cf480-ed12-45bb-91e2-35b498bc5484","PG in Konappana Agrahara MEN WOMEN SRI DEVI NEW LUXURY PG FOR MEN -Fully Furnished New Luxury Rooms ","Premium PG accommodation in electroniccity. Amenities include: wifi, ac, tv, parking, meals, laundry, security, gym, cctv, kitchen, refrigerator, iron, balcony. Contact: 9686262574",8000.00,"# 123, Silicon Town, Near Family Express Super Market, Opp. to Tirumala Apartment, Electronic City Phase 2, Bangalore 560100 Landmark: Near Tech Mahindra, Siemens and TCS, Electronic City, Bangalore C","Bangalore","Karnataka","electroniccity","wifi; ac; tv; parking; meals; laundry; security; gym; cctv; kitchen; refrigerator; iron; balcony","",2,4.2,12,"No smoking inside the premises; Visitors allowed only during day time; Maintain cleanliness; Follow house rules",12000,8000,6000,5000,"Fri Oct 24 2025 15:37:41 GMT+0530 (India Standard Time)","manual"
"eb800314-ec5b-4d63-b8b0-d16481388734","Fully Furnished New Luxury PG - LED TV in Each Room - HIGH Speed Wi-Fi Connectivity - North/South In","Premium PG accommodation in electroniccity. Amenities include: wifi, ac, tv, parking, meals, laundry, security. Contact: ",8000.00,"# 1B, Shreeraj Enclave, Manipal County Road, Singasandra, Begur Hobli, Bangalore-560068 Landmark: Next to MJ Builders Office (between Kudlu gate and Hosa Road Signal)","Bangalore","Karnataka","electroniccity","wifi; ac; tv; parking; meals; laundry; security","",2,4.2,35,"No smoking inside the premises; Visitors allowed only during day time; Maintain cleanliness; Follow house rules",12000,8000,6000,5000,"Fri Oct 24 2025 15:37:41 GMT+0530 (India Standard Time)","manual"
"dd36bde3-5894-4d66-933a-721d97d170de","Fully Furnished Posh PG - TV in Each room - North/South Indian Food - 3 time food - 24hrs Hot water ","Premium PG accommodation in electroniccity. Amenities include: ac, tv, parking, meals, security. Contact: ",8000.00,"# 2, 13Th Cross, C K Nagar, G K Layout (Sujana Convent Road) Hosa Road, Bangalore L/M: Near Bosch & Next to Reliance Fresh","Bangalore","Karnataka","electroniccity","ac; tv; parking; meals; security","",2,4.2,35,"No smoking inside the premises; Visitors allowed only during day time; Maintain cleanliness; Follow house rules",12000,8000,6000,5000,"Fri Oct 24 2025 15:37:41 GMT+0530 (India Standard Time)","manual"
"56cc1150-14b8-4356-896c-4ba1ae032ab7","Luxury PG with Spacious Rooms - LED TV in Each Room - WI-FI Connectivity - North & South Indian Home","Premium PG accommodation in electroniccity. Amenities include: wifi, ac, tv, parking, meals, laundry, security, cctv, refrigerator. Contact: ",8000.00,"Behind TATA BP Solar & Close to Tech Mahindra","Bangalore","Karnataka","electroniccity","wifi; ac; tv; parking; meals; laundry; security; cctv; refrigerator","",2,4.2,58,"No smoking inside the premises; Visitors allowed only during day time; Maintain cleanliness; Follow house rules",12000,8000,6000,5000,"Fri Oct 24 2025 15:37:41 GMT+0530 (India Standard Time)","manual"
"85b94f78-7cbc-4e73-aeab-f5a70f76cfbe","Cricket Ground right next to PG - 1, 2, 3 & 4 Sharing ADDRESS: # 329, 5th Cross, Neeladri Nagar, Ele","Premium PG accommodation in electroniccity. Amenities include: wifi, ac, tv, parking, meals, laundry, security, refrigerator. Contact: ",8000.00,"# 329, 5th Cross, Neeladri Nagar, Electronic City Phase-I, Bangalore Landmark: HDFC Bank, Near Wipro Gate no. 16","Bangalore","Karnataka","electroniccity","wifi; ac; tv; parking; meals; laundry; security; refrigerator","",2,4.2,51,"No smoking inside the premises; Visitors allowed only during day time; Maintain cleanliness; Follow house rules",12000,8000,6000,5000,"Fri Oct 24 2025 15:37:41 GMT+0530 (India Standard Time)","manual"
"2b0b9c8f-7191-4208-8c17-7160404e4558","Cricket Ground right next to PG - 1, 2, 3 & 4 Sharing ADDRESS: Krishna Reddy layout, Konapanna Agrah","Premium PG accommodation in electroniccity. Amenities include: wifi, ac, tv, parking, meals, laundry, security, refrigerator. Contact: ",8000.00,"Krishna Reddy layout, Konapanna Agrahara, Opp. to Infosys, Electronics city , Bangalore-100 Landmark: Opp. to Infosys & Near Konnappana Agrahara Bustop","Bangalore","Karnataka","electroniccity","wifi; ac; tv; parking; meals; laundry; security; refrigerator","",2,4.2,36,"No smoking inside the premises; Visitors allowed only during day time; Maintain cleanliness; Follow house rules",12000,8000,6000,5000,"Fri Oct 24 2025 15:37:41 GMT+0530 (India Standard Time)","manual"
"4e75449d-8198-473b-b1cd-577190e0b889","PGs near Jain University Jayanagar VIJAYA NEW LUXURY PG FOR LADIES -Fully Furnished New Executive PG","Premium PG accommodation in jayanagar. Amenities include: wifi, ac, tv, parking, meals, laundry, security, gym, cctv, kitchen, refrigerator, microwave. Contact: 9392973765",8000.00,"# 26, 22nd Main Rd, near Raghavendra Swamy Mutt, Marenahalli, 2nd Phase, J. P. Nagar, Bengaluru, Karnataka 560078a, Bengaluru, Karnataka 560095 Landmark: Near Raghavendra Swamy Mutt, close to Jain Uni","Bangalore","Karnataka","jayanagar","wifi; ac; tv; parking; meals; laundry; security; gym; cctv; kitchen; refrigerator; microwave","",2,4.2,56,"No smoking inside the premises; Visitors allowed only during day time; Maintain cleanliness; Follow house rules",12000,8000,6000,5000,"Fri Oct 24 2025 15:37:41 GMT+0530 (India Standard Time)","manual"
"ccf3e45b-e4bd-4445-a214-a0976dcad390","Fully Furnished New Luxury PG - High Speed Wi-Fi Connectivity - LED TV in Each room with Setup Box -","Premium PG accommodation in jayanagar. Amenities include: wifi, ac, tv, parking, meals, laundry, security, cctv, refrigerator, microwave. Contact: ",8000.00,"# 14/1, 23rd A Main Road, 2nd Cross, Marenahalli, JP Nagar 2nd Phase, Bangalore 560078 Landmark: Near Jain University and RV Dental College or Aster RV Hoisptal and Close to Bangalore Central and Ragi","Bangalore","Karnataka","jayanagar","wifi; ac; tv; parking; meals; laundry; security; cctv; refrigerator; microwave","",2,4.2,56,"No smoking inside the premises; Visitors allowed only during day time; Maintain cleanliness; Follow house rules",12000,8000,6000,5000,"Fri Oct 24 2025 15:37:41 GMT+0530 (India Standard Time)","manual"
"42875496-d972-40c4-9986-2401cb03bb30","Fully Furnished New Executive PG - High Speed Wi-Fi Connectivity - LED TV in Each room with Setup Bo","Premium PG accommodation in jayanagar. Amenities include: wifi, ac, tv, parking, meals, laundry, security, cctv, refrigerator, microwave. Contact: ",8000.00,"# 832, 17th F Main Rd, 6th Block, Koramangala, Bengaluru, Karnataka 560095 Landmark: Near Koramangala Club and Koramangala Bus Depot, 2 mins walk from Sony world Signal","Bangalore","Karnataka","jayanagar","wifi; ac; tv; parking; meals; laundry; security; cctv; refrigerator; microwave","",2,4.2,58,"No smoking inside the premises; Visitors allowed only during day time; Maintain cleanliness; Follow house rules",12000,8000,6000,5000,"Fri Oct 24 2025 15:37:41 GMT+0530 (India Standard Time)","manual"
"9fb8d300-22fc-4de2-a02c-c9929cae6633","Fully Furnished New Executive PG - High Speed Wi-Fi Connectivity - LED TV in Each room with Setup Bo","Premium PG accommodation in jayanagar. Amenities include: wifi, ac, tv, parking, meals, laundry, security, cctv, refrigerator, microwave. Contact: ",8000.00,"# 26, 22nd Main Rd, near Raghavendra Swamy Mutt, Marenahalli, 2nd Phase, J. P. Nagar, Bengaluru, Karnataka 560078a, Bengaluru, Karnataka 560095 Landmark: Near Raghavendra Swamy Mutt, close to Jain Uni","Bangalore","Karnataka","jayanagar","wifi; ac; tv; parking; meals; laundry; security; cctv; refrigerator; microwave","",2,4.2,32,"No smoking inside the premises; Visitors allowed only during day time; Maintain cleanliness; Follow house rules",12000,8000,6000,5000,"Fri Oct 24 2025 15:37:41 GMT+0530 (India Standard Time)","manual"
"21f38237-6a9b-4ae0-9a4f-faf067bede16","More Details MAHALAKSHMI NEW EXECUTIVE PG FOR MEN -Fully Furnished New Luxury Rooms - LED TV in ever","Premium PG accommodation in indiranagar. Amenities include: wifi, ac, tv, parking, meals, laundry, security, cctv, refrigerator. Contact: 8618061789",8000.00,"Sri Satyanarayana Temple Street, Someshwarapura, Halasuru, Bangalore - 560008, Karnataka, India Landmark: Connected to M G Road, 1 km at Trinity Circle, Near by Indira Nagar and Halasuru IT Hub Road, ","Bangalore","Karnataka","indiranagar","wifi; ac; tv; parking; meals; laundry; security; cctv; refrigerator","",2,4.2,35,"No smoking inside the premises; Visitors allowed only during day time; Maintain cleanliness; Follow house rules",12000,8000,6000,5000,"Fri Oct 24 2025 15:37:41 GMT+0530 (India Standard Time)","manual"
"65455315-8efc-46c8-9b41-c905cc299a14","SRI SADAN NEW EXECUTIVE PG FOR LADIES -Fully Furnished New Luxury Rooms - LED TV in every room - Hi-","Premium PG accommodation in indiranagar. Amenities include: wifi, ac, tv, parking, meals, laundry, security, cctv, kitchen, refrigerator, microwave. Contact: 6362760969",8000.00,"Sree Rama Commercial Complex, Swami Vivekananda Road, Halasuru, Bangalore - 560008, Karnataka, India Landmark: Connected to M G Road, 1 km at Trinity Circle, Near by Indira Nagar and Halasuru IT Hub R","Bangalore","Karnataka","indiranagar","wifi; ac; tv; parking; meals; laundry; security; cctv; kitchen; refrigerator; microwave","",2,4.2,44,"No smoking inside the premises; Visitors allowed only during day time; Maintain cleanliness; Follow house rules",12000,8000,6000,5000,"Fri Oct 24 2025 15:37:41 GMT+0530 (India Standard Time)","manual"
"1e18b359-cebe-4f7c-812a-db8ca29f18d2","WOMEN MEN SRI SADAN NEW EXECUTIVE PG FOR LADIES -Fully Furnished New Luxury Rooms - LED TV in every ","Premium PG accommodation in indiranagar. Amenities include: wifi, ac, tv, parking, meals, laundry, security, gym, cctv, kitchen, refrigerator, microwave. Contact: 6362760969",8000.00,"Sree Rama Commercial Complex, Swami Vivekananda Road, Halasuru, Bangalore - 560008, Karnataka, India Landmark: Connected to M G Road, 1 km at Trinity Circle, Near by Indira Nagar and Halasuru IT Hub R","Bangalore","Karnataka","indiranagar","wifi; ac; tv; parking; meals; laundry; security; gym; cctv; kitchen; refrigerator; microwave","",2,4.2,34,"No smoking inside the premises; Visitors allowed only during day time; Maintain cleanliness; Follow house rules",12000,8000,6000,5000,"Fri Oct 24 2025 15:37:41 GMT+0530 (India Standard Time)","manual"
"4ab08746-1ed5-4b39-aad7-8761ca04cb16","Fully Furnished New Delux PG - LED TV in every room - WI-FI Connectivity - North & South Indian Food","Premium PG accommodation in indiranagar. Amenities include: wifi, ac, tv, parking, meals. Contact: ",8000.00,"7th Main Road, New Thippasandra main Road, Indiranagar, Bangalore Landmark: New thippasandra Main Road & Close to Bagmane Tech Park & BEML","Bangalore","Karnataka","indiranagar","wifi; ac; tv; parking; meals","",2,4.2,14,"No smoking inside the premises; Visitors allowed only during day time; Maintain cleanliness; Follow house rules",12000,8000,6000,5000,"Fri Oct 24 2025 15:37:41 GMT+0530 (India Standard Time)","manual"
"fd933e78-1489-45ae-860e-31027781d39d","Fully Furnished Posh PG - New Built - TV in every single room - North/South Indian Food - 3 times Fo","Premium PG accommodation in indiranagar. Amenities include: ac, tv, parking, meals, security. Contact: ",8000.00,"#28/2, Near Nandini Hotel, 18th Main, Indiranagar, Bangalore-560008 Alternative Route: road opp. to IBP petrol bunk,Near Manipal towers old Airport road, Kodihalli","Bangalore","Karnataka","indiranagar","ac; tv; parking; meals; security","",2,4.2,45,"No smoking inside the premises; Visitors allowed only during day time; Maintain cleanliness; Follow house rules",12000,8000,6000,5000,"Fri Oct 24 2025 15:37:41 GMT+0530 (India Standard Time)","manual"
"6a61c43c-a7f1-4a6b-a111-46b4286436c0","S NEW LUXURY PG FOR MEN - Fully Furnished New Luxury rooms - LED TV in every room - WI-FI connectivi","Premium PG accommodation in btmlayout. Amenities include: wifi, ac, tv, parking, meals, laundry, security, gym, cctv, kitchen, refrigerator. Contact: 8867156164",8000.00,"10th A Main Rd, Stage 2, BTM Layout, Bengaluru, Karnataka 560076 Landmark: Near Udipi Garden Signal Contact: RAJAVARDHAN REDDY 8867156164 Please mention that you found the AD in payingguestinbengaluru","Bangalore","Karnataka","btmlayout","wifi; ac; tv; parking; meals; laundry; security; gym; cctv; kitchen; refrigerator","",2,4.2,29,"No smoking inside the premises; Visitors allowed only during day time; Maintain cleanliness; Follow house rules",12000,8000,6000,5000,"Fri Oct 24 2025 15:37:41 GMT+0530 (India Standard Time)","manual"
"3c65e45a-c355-47bb-a2a3-1953731b3c6e","NEW LUXURY PG FOR GIRLS IN JP NAGAR -Fully Furnished New Luxury PG - High Speed Wi-Fi Connectivity -","Premium PG accommodation in btmlayout. Amenities include: wifi, ac, tv, parking, meals, laundry, security, gym, cctv, kitchen, refrigerator, microwave. Contact: 9606271555",8000.00,"# 14/1, 23rd A Main Road, 2nd Cross, Marenahalli, JP Nagar 2nd Phase, Bangalore 560078 Landmark: Near Jain University and RV Dental College or Aster RV Hoisptal and Close to Bangalore Central and Ragi","Bangalore","Karnataka","btmlayout","wifi; ac; tv; parking; meals; laundry; security; gym; cctv; kitchen; refrigerator; microwave","",2,4.2,45,"No smoking inside the premises; Visitors allowed only during day time; Maintain cleanliness; Follow house rules",12000,8000,6000,5000,"Fri Oct 24 2025 15:37:41 GMT+0530 (India Standard Time)","manual"
"bdc931c0-3f57-4341-9eef-39ea23412bed","Sharing PG photo's & More details Address: # 29/A, 30/B, 2nd Cross, N S Palya, BTM 2nd Stage, Banner","Premium PG accommodation in btmlayout. Amenities include: wifi, ac, tv, parking, meals, security. Contact: ",8000.00,"# 29/A, 30/B, 2nd Cross, N S Palya, BTM 2nd Stage, Bannerghatta Main road, Bangalore Landmark: Next to Shopper's Stop & Oracle","Bangalore","Karnataka","btmlayout","wifi; ac; tv; parking; meals; security","",2,4.2,16,"No smoking inside the premises; Visitors allowed only during day time; Maintain cleanliness; Follow house rules",12000,8000,6000,5000,"Fri Oct 24 2025 15:37:41 GMT+0530 (India Standard Time)","manual"
"41715544-1f5f-48cf-9892-be937a5dca31","omsaibalajipgs","Premium PG accommodation in btmlayout. Amenities include: wifi, ac, tv, meals. Contact: ",8000.00,"# 2, 29TH Main, 2ND A Cross, BTM 1st Stage, Bangalore Landmark: Right Behind AXA building & Near Vijaya Bank","Bangalore","Karnataka","btmlayout","wifi; ac; tv; meals","",2,4.2,54,"No smoking inside the premises; Visitors allowed only during day time; Maintain cleanliness; Follow house rules",12000,8000,6000,5000,"Fri Oct 24 2025 15:37:41 GMT+0530 (India Standard Time)","manual"
"e637c640-6d81-44d3-9236-80da0fffc840","Fully Furnished New Luxury PG - High Speed Wi-Fi Connectivity - LED TV in Each room with Setup Box -","Premium PG accommodation in btmlayout. Amenities include: wifi, ac, tv, parking, meals, laundry, security, cctv, refrigerator, microwave. Contact: ",8000.00,"# 14/1, 23rd A Main Road, 2nd Cross, Marenahalli, JP Nagar 2nd Phase, Bangalore 560078 Landmark: Near Jain University and RV Dental College or Aster RV Hoisptal and Close to Bangalore Central and Ragi","Bangalore","Karnataka","btmlayout","wifi; ac; tv; parking; meals; laundry; security; cctv; refrigerator; microwave","",2,4.2,44,"No smoking inside the premises; Visitors allowed only during day time; Maintain cleanliness; Follow house rules",12000,8000,6000,5000,"Fri Oct 24 2025 15:37:41 GMT+0530 (India Standard Time)","manual"
"f3e339a2-5593-4905-9bb2-d5b026f52828","More Details SAI AARADYA NEW LUXURY PG FOR MEN -Fully Furnished Executive Rooms - LED TV in Each Roo","Premium PG accommodation in hsrlayout. Amenities include: wifi, ac, tv, parking, meals, laundry, security, gym, cctv, refrigerator, microwave. Contact: 9611534669",8000.00,"1234, Old Mangammanapalya Road, Near Scooty EV office, Bandepalya, Muneshwara Nagar, HSR Layout, Bengaluru, Karnataka 560068 Landmark: Near Kotak Office, Opp. AMR Tech Park, HOTEL IBIS & The Oxford De","Bangalore","Karnataka","hsrlayout","wifi; ac; tv; parking; meals; laundry; security; gym; cctv; refrigerator; microwave","",2,4.2,21,"No smoking inside the premises; Visitors allowed only during day time; Maintain cleanliness; Follow house rules",12000,8000,6000,5000,"Fri Oct 24 2025 15:37:41 GMT+0530 (India Standard Time)","manual"
"8d538f31-0ffb-4147-9c77-443c59cea707","More details PARK AVENUE NEW EXECUTIVE PG FOR LADIES -Fully Furnished New Executive PG - Full HD LED","Premium PG accommodation in hsrlayout. Amenities include: wifi, ac, tv, parking, meals, laundry, security, gym, cctv, kitchen, refrigerator, microwave, iron, balcony. Contact: 9611534669",8000.00,"1234, Old Mangammanapalya Road, Near Scooty EV office, Bandepalya, Muneshwara Nagar, HSR Layout, Bengaluru, Karnataka 560068 Landmark: Near Kotak Office, Opp. AMR Tech Park, HOTEL IBIS & The Oxford De","Bangalore","Karnataka","hsrlayout","wifi; ac; tv; parking; meals; laundry; security; gym; cctv; kitchen; refrigerator; microwave; iron; balcony","",2,4.2,50,"No smoking inside the premises; Visitors allowed only during day time; Maintain cleanliness; Follow house rules",12000,8000,6000,5000,"Fri Oct 24 2025 15:37:41 GMT+0530 (India Standard Time)","manual"
"c83e8e75-f41e-4cd2-8ffa-bd6e37c0e611","Fully Furnished New Executive PG - Full HD LED TV in Every Room - HI-Speed Wi-Fi connectivity - Ever","Premium PG accommodation in hsrlayout. Amenities include: wifi, ac, tv, meals, laundry, security, cctv, refrigerator, microwave. Contact: ",8000.00,"# 20/20, 24th Main, 1st Cross, Near Anjaneya Swamy Temple & Govt School, Agara, HSR Layout, Bangalore Landmark: Near Anjaneya Swamy Temple and Agara Bustop, Close to NIFT College","Bangalore","Karnataka","hsrlayout","wifi; ac; tv; meals; laundry; security; cctv; refrigerator; microwave","",2,4.2,14,"No smoking inside the premises; Visitors allowed only during day time; Maintain cleanliness; Follow house rules",12000,8000,6000,5000,"Fri Oct 24 2025 15:37:41 GMT+0530 (India Standard Time)","manual"
"1352d282-fcf7-46d0-9d9a-433658a3f781","Fully Furnished New Executive PG - Full HD LED TV in Every Room - HI-Speed Wi-Fi connectivity - Ever","Premium PG accommodation in hsrlayout. Amenities include: wifi, ac, tv, meals, laundry, security, cctv, refrigerator, microwave. Contact: ",8000.00,"#429, 16TH CROSS, 18TH MAIN, 4TH SECTOR, HSR LAYOUT BANGALORE - 102 Landmark: NEAR MUMBAI TIFFIN CENTRE","Bangalore","Karnataka","hsrlayout","wifi; ac; tv; meals; laundry; security; cctv; refrigerator; microwave","",2,4.2,53,"No smoking inside the premises; Visitors allowed only during day time; Maintain cleanliness; Follow house rules",12000,8000,6000,5000,"Fri Oct 24 2025 15:37:41 GMT+0530 (India Standard Time)","manual"
"22009546-d3a5-47dc-9e50-4be70d919ceb","Fully Furnished New luxury PG - Hi-Speed WI-FI Connectivity - LED TV in every room - North & South I","Premium PG accommodation in hsrlayout. Amenities include: wifi, ac, tv, parking, meals, laundry, security, cctv, refrigerator. Contact: ",8000.00,"# 13, 13th B Cross, 6th Main Road, Teachers Colony, H S R Layout, Koramangala 1st Block. Near Rainbow Driving School, Bangalore - 560034 Landmark : Located in prime location close in HSR Layout, on ou","Bangalore","Karnataka","hsrlayout","wifi; ac; tv; parking; meals; laundry; security; cctv; refrigerator","",2,4.2,23,"No smoking inside the premises; Visitors allowed only during day time; Maintain cleanliness; Follow house rules",12000,8000,6000,5000,"Fri Oct 24 2025 15:37:41 GMT+0530 (India Standard Time)","manual"
"113f44a2-891b-4545-9aa0-b15d79762eb9","Well Ventilated PG in a Peaceful Area - LED TV in every room - North & South Indian Food - 3 times f","Premium PG accommodation in hsrlayout. Amenities include: ac, tv, parking, meals, laundry, security, cctv, refrigerator. Contact: ",8000.00,"# 977, 22nd Cross, 16th Main, Club Road, HSR Layout 3rd Sector, Near State Bank of Hyderabad, Bangalore Landmark : Lane opp. to HSR Diabetic Centre & Near HSR Twin Parks","Bangalore","Karnataka","hsrlayout","ac; tv; parking; meals; laundry; security; cctv; refrigerator","",2,4.2,16,"No smoking inside the premises; Visitors allowed only during day time; Maintain cleanliness; Follow house rules",12000,8000,6000,5000,"Fri Oct 24 2025 15:37:41 GMT+0530 (India Standard Time)","manual"
"98d92fc7-68d3-4ede-b401-842a175d4f6d","Fully Furnished New Executive PG - Full HD LED TV in Every Room - HI-Speed Wi-Fi connectivity - Ever","Premium PG accommodation in hsrlayout. Amenities include: wifi, ac, tv, meals, laundry, security, cctv, refrigerator, microwave. Contact: ",8000.00,"# 181, 31st Main, Sector 2, HSR Layout, Bangalore - 102 Landmark: Near NIFT College and SBI Bank","Bangalore","Karnataka","hsrlayout","wifi; ac; tv; meals; laundry; security; cctv; refrigerator; microwave","",2,4.2,29,"No smoking inside the premises; Visitors allowed only during day time; Maintain cleanliness; Follow house rules",12000,8000,6000,5000,"Fri Oct 24 2025 15:37:41 GMT+0530 (India Standard Time)","manual"
"a15c3599-b2ff-4190-abff-372db346f09e","Fully Furnished New Executive PG - Full HD LED TV in Every Room - HI-Speed Wi-Fi connectivity - Ever","Premium PG accommodation in hsrlayout. Amenities include: wifi, ac, tv, meals, laundry, security, cctv, refrigerator, microwave, balcony. Contact: ",8000.00,"# 8-13, 14th Cross Road, Sector 6, HSR Layout, Bangalore - 102 Landmark: Close to Central Silkoard","Bangalore","Karnataka","hsrlayout","wifi; ac; tv; meals; laundry; security; cctv; refrigerator; microwave; balcony","",2,4.2,46,"No smoking inside the premises; Visitors allowed only during day time; Maintain cleanliness; Follow house rules",12000,8000,6000,5000,"Fri Oct 24 2025 15:37:41 GMT+0530 (India Standard Time)","manual"
"85f926f3-d895-42e6-88df-31e6dc724066","Fully Furnished New Executive PG - Full HD LED TV in Every Room - HI-Speed Wi-Fi connectivity - Ever","Premium PG accommodation in hsrlayout. Amenities include: wifi, ac, tv, meals, laundry, security, cctv, refrigerator, microwave. Contact: ",8000.00,"#18, 24tH Main, 3rd Cross, HSR Layout, Bangalore Landmark: Behind Mangala Gold Shop, Opp, Tirumala Theatre, Agara","Bangalore","Karnataka","hsrlayout","wifi; ac; tv; meals; laundry; security; cctv; refrigerator; microwave","",2,4.2,38,"No smoking inside the premises; Visitors allowed only during day time; Maintain cleanliness; Follow house rules",12000,8000,6000,5000,"Fri Oct 24 2025 15:37:41 GMT+0530 (India Standard Time)","manual"
"9f023b57-6324-4bc8-b112-2eaf914f385f","Fully Furnished New Executive PG - Full HD LED TV in Every Room - HI-Speed Wi-Fi connectivity - Ever","Premium PG accommodation in hsrlayout. Amenities include: wifi, ac, tv, meals, laundry, security, cctv, refrigerator, microwave. Contact: ",8000.00,"# 227, 17th B Main, 4th Sector, HSR Layout, Opp. to Oxford College, Near Mantri Sarovar Apartments, Outer Ring Road, Bangalore - 560102 Landmark: Near HP Petrol Bunk & HSR Flyover.","Bangalore","Karnataka","hsrlayout","wifi; ac; tv; meals; laundry; security; cctv; refrigerator; microwave","",2,4.2,17,"No smoking inside the premises; Visitors allowed only during day time; Maintain cleanliness; Follow house rules",12000,8000,6000,5000,"Fri Oct 24 2025 15:37:41 GMT+0530 (India Standard Time)","manual"
"2bcb0c4f-3296-4668-a747-8e0f64b3c076","Fully Furnished New Luxury PG - Full HD LED TV in Every Room - HI-Speed Wi-Fi connectivity - North &","Premium PG accommodation in hsrlayout. Amenities include: wifi, ac, tv, meals, laundry, security, cctv, refrigerator, microwave. Contact: ",8000.00,"#553/146A, 22nd Main, 3rd cross, Sector 1, HSR Layout, Agara, Banglore, Bengaluru,Karnataka 560102 Landmark: Beside Purna Chandra Towers, Opposite to Good Will Fabrics Private Limited & Close to NIFT ","Bangalore","Karnataka","hsrlayout","wifi; ac; tv; meals; laundry; security; cctv; refrigerator; microwave","",2,4.2,11,"No smoking inside the premises; Visitors allowed only during day time; Maintain cleanliness; Follow house rules",12000,8000,6000,5000,"Fri Oct 24 2025 15:37:41 GMT+0530 (India Standard Time)","manual"
"fc7ef09a-0c1e-4bf8-a65b-4c5a1290ee7e","Fully Furnished New Executive PG - Full HD LED TV in Every Room - HI-Speed Wi-Fi connectivity - Ever","Premium PG accommodation in hsrlayout. Amenities include: wifi, ac, tv, meals, laundry, security, cctv, refrigerator, microwave. Contact: ",8000.00,"S M Enclave, 140, 17th A Main Rd, HSR Layout, Bengaluru, Karnataka 560102 Landmark: Near National Public school, Oxford College of Science and Agara Lake","Bangalore","Karnataka","hsrlayout","wifi; ac; tv; meals; laundry; security; cctv; refrigerator; microwave","",2,4.2,18,"No smoking inside the premises; Visitors allowed only during day time; Maintain cleanliness; Follow house rules",12000,8000,6000,5000,"Fri Oct 24 2025 15:37:41 GMT+0530 (India Standard Time)","manual"
"9e5dc00b-e1b9-433d-9ae6-4970e0073824","Fully Furnished New Executive PG - Full HD LED TV in Every Room - HI-Speed Wi-Fi connectivity - Ever","Premium PG accommodation in hsrlayout. Amenities include: wifi, ac, tv, meals, laundry, security, cctv, refrigerator, microwave. Contact: ",8000.00,"# 713, 15th Main Road, HSR Layout Sector 3, Bangalore, Karanataka- 102 Landmark: Near HSR Club, Close to Mc Donalds and Third Wave Coffee","Bangalore","Karnataka","hsrlayout","wifi; ac; tv; meals; laundry; security; cctv; refrigerator; microwave","",2,4.2,37,"No smoking inside the premises; Visitors allowed only during day time; Maintain cleanliness; Follow house rules",12000,8000,6000,5000,"Fri Oct 24 2025 15:37:41 GMT+0530 (India Standard Time)","manual"
"bd556473-72dc-49a4-9fb5-abef0000e9fc","Fully Furnished New Executive PG - Full HD LED TV in Every Room - HI-Speed Wi-Fi connectivity - Ever","Premium PG accommodation in hsrlayout. Amenities include: wifi, ac, tv, meals, laundry, security, cctv, refrigerator, microwave. Contact: ",8000.00,"# 977, 24th Cross, Sector 1, HSR Layout, Bangalore - 102 Landmark: Near Pai Electronics Showroom and Tirumala Theatre & near NIFT College and Behind NOUS Software","Bangalore","Karnataka","hsrlayout","wifi; ac; tv; meals; laundry; security; cctv; refrigerator; microwave","",2,4.2,19,"No smoking inside the premises; Visitors allowed only during day time; Maintain cleanliness; Follow house rules",12000,8000,6000,5000,"Fri Oct 24 2025 15:37:41 GMT+0530 (India Standard Time)","manual"
"596998d4-a3de-4281-9fe2-200c8d3ec55d","Mathrushree Lake Side PG, Sizzle it Meadeows, Agrahara Pattandur, Whitefield, ITPL, Bangalore Landma","Premium PG accommodation in whitefield. Amenities include: ac. Contact: ",8000.00,"Mathrushree Lake Side PG, Sizzle it Meadeows, Agrahara Pattandur, Whitefield, ITPL, Bangalore Landmark: Near Vydehi Hospital, ITPL Back Gate - 3 ","Bangalore","Karnataka","whitefield","ac","",2,4.2,42,"No smoking inside the premises; Visitors allowed only during day time; Maintain cleanliness; Follow house rules",12000,8000,6000,5000,"Fri Oct 24 2025 15:37:41 GMT+0530 (India Standard Time)","manual"
"d7a3ebac-7b57-497c-8659-dd52fbe30fc3","more Details SREE RAMA ENCLAVE NEW LUXURY PG FOR MEN - Fully Furnished New Luxury Rooms - LED TV in ","Premium PG accommodation in whitefield. Amenities include: wifi, ac, tv, parking, meals, laundry, security, gym, cctv, refrigerator, microwave, balcony. Contact: 7899614284",8000.00,"# 10C, Whiterose Layout, 1st Main Road, 2nd Cross Road, Near Narayana School, Whitefield, Bengaluru, Karnataka 560066 Landmark: Narayana school and college Contact : HARIKRISHNA 7899614284 Please ment","Bangalore","Karnataka","whitefield","wifi; ac; tv; parking; meals; laundry; security; gym; cctv; refrigerator; microwave; balcony","",2,4.2,45,"No smoking inside the premises; Visitors allowed only during day time; Maintain cleanliness; Follow house rules",12000,8000,6000,5000,"Fri Oct 24 2025 15:37:41 GMT+0530 (India Standard Time)","manual"
"dadf237e-175f-44ea-aa0f-f28bae3c1a5b","more Details SRI BALAJI NEW DELUXE PG FOR LADIES IN WHITEFIELD -Fully Furnished New Luxury rooms - L","Premium PG accommodation in whitefield. Amenities include: wifi, ac, tv, parking, meals, laundry, security, gym, cctv, kitchen, refrigerator, microwave, balcony. Contact: 9492802285",8000.00,"# 5 Hope Farm Circle, Near, Behind Shell Petrol Pump, Whitefield, Bengaluru, Karnataka 560066 Landmark: Behind Shell Petrol Bunk, Near Hope Farm Signal Contact : KC REDDY 9492802285 9535104939 7259342","Bangalore","Karnataka","whitefield","wifi; ac; tv; parking; meals; laundry; security; gym; cctv; kitchen; refrigerator; microwave; balcony","",2,4.2,12,"No smoking inside the premises; Visitors allowed only during day time; Maintain cleanliness; Follow house rules",12000,8000,6000,5000,"Fri Oct 24 2025 15:37:41 GMT+0530 (India Standard Time)","manual"
"e05f85a0-c9c7-46ed-be86-85b80345cef6","Fully furnished luxury pg - Wi-Fi Connectivity - LED TV in every Room - North & South Indian Food - ","Premium PG accommodation in whitefield. Amenities include: wifi, ac, tv, parking, meals, laundry, security, refrigerator. Contact: ",8000.00,"Opp. to FOUR Points Sheraton Hotel & Royal Mart, Near Hope Farm Cirlce","Bangalore","Karnataka","whitefield","wifi; ac; tv; parking; meals; laundry; security; refrigerator","",2,4.2,55,"No smoking inside the premises; Visitors allowed only during day time; Maintain cleanliness; Follow house rules",12000,8000,6000,5000,"Fri Oct 24 2025 15:37:41 GMT+0530 (India Standard Time)","manual"
"d212dfe1-3876-4249-843c-3ea5aa4fe69d","Mathrushree Lake Side PG, Sizzle it Meadeows, Agrahara Pattandur, Whitefield, ITPL, Bangalore Landma","Premium PG accommodation in whitefield. Amenities include: wifi, ac, tv, parking, meals, laundry, security, cctv, refrigerator, balcony. Contact: ",8000.00,"Mathrushree Lake Side PG, Sizzle it Meadeows, Agrahara Pattandur, Whitefield, ITPL, Bangalore Landmark: Near Vydehi Hospital, ITPL Back Gate - 3","Bangalore","Karnataka","whitefield","wifi; ac; tv; parking; meals; laundry; security; cctv; refrigerator; balcony","",2,4.2,41,"No smoking inside the premises; Visitors allowed only during day time; Maintain cleanliness; Follow house rules",12000,8000,6000,5000,"Fri Oct 24 2025 15:37:41 GMT+0530 (India Standard Time)","manual"
"ebe90216-b505-4225-b22c-de4d08063906","AVASA ELITE NEW EXECUTIVE PG FOR MEN | WOMEN | COLIVING - AC & NON-AC ROOMS -Fully Furnished Executi","Premium PG accommodation in marathahalli. Amenities include: wifi, ac, tv, parking, meals, laundry, security, gym, cctv, kitchen, refrigerator, microwave, heater, balcony. Contact: 7090611888",8000.00,"# 135, Sri Ram Residency, Behind Vinayaka Temple, Marathahalli Bridge, Bangalore-560037 Landmark: Adayar Anand bhavan Contact: RAVICHANDRA REDDY 7090611888, 8197433999 Please mention that you found th","Bangalore","Karnataka","marathahalli","wifi; ac; tv; parking; meals; laundry; security; gym; cctv; kitchen; refrigerator; microwave; heater; balcony","",2,4.2,31,"No smoking inside the premises; Visitors allowed only during day time; Maintain cleanliness; Follow house rules",12000,8000,6000,5000,"Fri Oct 24 2025 15:37:41 GMT+0530 (India Standard Time)","manual"
"c30ae276-d063-40a3-ab17-6ab976f26f3c","More details AVASA ELITE NEW EXECUTIVE PG FOR MEN | WOMEN | COLIVING - AC & NON-AC ROOMS -Fully Furn","Premium PG accommodation in marathahalli. Amenities include: wifi, ac, tv, parking, meals, laundry, security, gym, cctv, kitchen, refrigerator, microwave, heater, balcony. Contact: 8971127226",8000.00,"# 31, Brilliant School Road, Lakshmi Narayana Pura, AECS Layout, Marathahalli, Bengaluru, Karnataka 560037 Landmark: Near Bata Showroom, ITPL Main Road Contact: JANARDHAN REDDY 8971127226, 7204934443 ","Bangalore","Karnataka","marathahalli","wifi; ac; tv; parking; meals; laundry; security; gym; cctv; kitchen; refrigerator; microwave; heater; balcony","",2,4.2,45,"No smoking inside the premises; Visitors allowed only during day time; Maintain cleanliness; Follow house rules",12000,8000,6000,5000,"Fri Oct 24 2025 15:37:41 GMT+0530 (India Standard Time)","manual"
"3d5e1c1e-c09e-42a9-9f47-3ed2d84bceae","star PG - AC & Non AC Rooms - LED TV in Each Room - HI-Speed Wi-Fi - Fridge in Every room - North/So","Premium PG accommodation in marathahalli. Amenities include: wifi, ac, tv, parking, meals, laundry, security, refrigerator. Contact: ",8000.00,"# S-14, Spice Garden Compound, Siver Spring layout, Varthur HAL Main road, Marathahalli, Bangalore Landmark : Purvankara Apartments, near Marathahalli bridge","Bangalore","Karnataka","marathahalli","wifi; ac; tv; parking; meals; laundry; security; refrigerator","",2,4.2,12,"No smoking inside the premises; Visitors allowed only during day time; Maintain cleanliness; Follow house rules",12000,8000,6000,5000,"Fri Oct 24 2025 15:37:41 GMT+0530 (India Standard Time)","manual"
"2e00495b-45a2-4d9c-81c8-83801f1a6944","Ventilated New Luxury PG - 32'' LED TV for each room - HI-Speed WI-FI Connectivity - North & South i","Premium PG accommodation in marathahalli. Amenities include: wifi, ac, tv, meals, laundry, security, gym, refrigerator. Contact: ",8000.00,"Near Marathahalli Bridge Kalamandir Bangalore","Bangalore","Karnataka","marathahalli","wifi; ac; tv; meals; laundry; security; gym; refrigerator","",2,4.2,55,"No smoking inside the premises; Visitors allowed only during day time; Maintain cleanliness; Follow house rules",12000,8000,6000,5000,"Fri Oct 24 2025 15:37:41 GMT+0530 (India Standard Time)","manual"
"12327a6c-f64c-4150-b282-e0b893c88e75","SHANMUKI PG, 1ST CROSS, RAMANJANEYA LAYOUT, NEAR HP GAS GODOWN, MARATHAHLLI, BANGALORE, PINCODE : 56","Premium PG accommodation in marathahalli. Amenities include: wifi, ac, tv, parking, meals, laundry, security, gym, cctv, refrigerator. Contact: ",8000.00,"#4, SHANMUKI PG, 1ST CROSS, RAMANJANEYA LAYOUT, NEAR HP GAS GODOWN, MARATHAHLLI, BANGALORE, PINCODE : 560037 Landmark: Near Marathahalli Bridge Bustop, HP Gas Godown & Near Vijaya Bank, Marathahalli","Bangalore","Karnataka","marathahalli","wifi; ac; tv; parking; meals; laundry; security; gym; cctv; refrigerator","",2,4.2,37,"No smoking inside the premises; Visitors allowed only during day time; Maintain cleanliness; Follow house rules",12000,8000,6000,5000,"Fri Oct 24 2025 15:37:41 GMT+0530 (India Standard Time)","manual"
"ccf66506-e174-49db-b8c4-69121c1805fb","Fully Furnished New Luxury PG - LED TV in every room - Hi Speed WI-FI Connectivity - North & South I","Premium PG accommodation in marathahalli. Amenities include: wifi, ac, tv, meals, laundry. Contact: ",8000.00,"# 23/1, Chowdeshwari Layout, Behind Embassy Tech Square, Kadubeesanahalli, Behind CISCO, JP Morgan, Outer Ring Road, Marathahalli, Bangalore-37 Landmark: Behind Embassy Tech Square, Close to Cessna Bu","Bangalore","Karnataka","marathahalli","wifi; ac; tv; meals; laundry","",2,4.2,45,"No smoking inside the premises; Visitors allowed only during day time; Maintain cleanliness; Follow house rules",12000,8000,6000,5000,"Fri Oct 24 2025 15:37:41 GMT+0530 (India Standard Time)","manual"
"478ee290-869e-4039-9b5b-44c041f08db7","Modern Deluxe PG, Near Ashoka Residency, Patel Narayana Reddy Layout, Koramangala 6th block , Bangal","Premium PG accommodation in koramangala. Amenities include: wifi, meals, security. Contact: ",8000.00,"Modern Deluxe PG, Near Ashoka Residency, Patel Narayana Reddy Layout, Koramangala 6th block , Bangalore-95 Landmark : Near Sony World Signal and Koramangala Bus depot ","Bangalore","Karnataka","koramangala","wifi; meals; security","",2,4.2,48,"No smoking inside the premises; Visitors allowed only during day time; Maintain cleanliness; Follow house rules",12000,8000,6000,5000,"Fri Oct 24 2025 15:37:41 GMT+0530 (India Standard Time)","manual"
"461bd7af-08a3-4193-b3c4-53eeaf8df330","SRI TIRUMALA NEW LUXURY PG FOR MEN -Fully Furnished Executive Rooms - LED TV in every room - WI-FI C","Premium PG accommodation in koramangala. Amenities include: wifi, ac, tv, parking, meals, laundry, security, gym, cctv, kitchen, refrigerator, microwave, heater, balcony. Contact: 9743757606",8000.00,"# 88, Jyoti Nivas College Road, Opp. to Mani's Dum Biryani, KHB Colony, 5th Block Kormangala , Bengaluru, karnataka 560095 Landmark: Just 1 min walk from Jyoti Nivasa College and 2 mins walk from Pres","Bangalore","Karnataka","koramangala","wifi; ac; tv; parking; meals; laundry; security; gym; cctv; kitchen; refrigerator; microwave; heater; balcony","",2,4.2,22,"No smoking inside the premises; Visitors allowed only during day time; Maintain cleanliness; Follow house rules",12000,8000,6000,5000,"Fri Oct 24 2025 15:37:41 GMT+0530 (India Standard Time)","manual"
"be2c94ff-133d-46b4-8f86-73b030d5027f","SUNRISE NEW LUXURY PG FOR LADIES IN KORAMANGALA - Fully Furnished New Executive PG - Just Like Servi","Premium PG accommodation in koramangala. Amenities include: wifi, ac, tv, parking, meals, laundry, security, gym, cctv, kitchen, refrigerator, microwave, heater, balcony. Contact: 9036223355",8000.00,"AVS Compound, behind GKB OPTICALS, near Sony signal, 4th Block, AVS Layout, Koramangala, Bengaluru, Karnataka 560034 Landmark: Exactly near Sony Signal, Near Oasis Mall, Beside GKB Opticals, next Sams","Bangalore","Karnataka","koramangala","wifi; ac; tv; parking; meals; laundry; security; gym; cctv; kitchen; refrigerator; microwave; heater; balcony","",2,4.2,44,"No smoking inside the premises; Visitors allowed only during day time; Maintain cleanliness; Follow house rules",12000,8000,6000,5000,"Fri Oct 24 2025 15:37:41 GMT+0530 (India Standard Time)","manual"
"66f02614-4dcf-4798-b15c-1a778bb33844","WOMEN MEN SUNRISE NEW LUXURY PG FOR LADIES IN KORAMANGALA - Fully Furnished New Executive PG - Just ","Premium PG accommodation in koramangala. Amenities include: wifi, ac, tv, parking, meals, laundry, security, gym, cctv, kitchen, refrigerator, microwave, heater, balcony. Contact: 9036223355",8000.00,"AVS Compound, behind GKB OPTICALS, near Sony signal, 4th Block, AVS Layout, Koramangala, Bengaluru, Karnataka 560034 Landmark: Exactly near Sony Signal, Near Oasis Mall, Beside GKB Opticals, next Sams","Bangalore","Karnataka","koramangala","wifi; ac; tv; parking; meals; laundry; security; gym; cctv; kitchen; refrigerator; microwave; heater; balcony","",2,4.2,45,"No smoking inside the premises; Visitors allowed only during day time; Maintain cleanliness; Follow house rules",12000,8000,6000,5000,"Fri Oct 24 2025 15:37:41 GMT+0530 (India Standard Time)","manual"
"97b23176-d822-4d9e-8e95-ff6b03acc398","New Built well ventilated PG - Fully Furnished Executive Rooms - LCD TV in every room - WI-FI Connec","Premium PG accommodation in koramangala. Amenities include: wifi, ac, tv, parking, meals, laundry, security. Contact: ",8000.00,"Near Sony Signal & Koramangala Depot, opp. to Indian oil petrol Bunk, Bangalore","Bangalore","Karnataka","koramangala","wifi; ac; tv; parking; meals; laundry; security","",2,4.2,53,"No smoking inside the premises; Visitors allowed only during day time; Maintain cleanliness; Follow house rules",12000,8000,6000,5000,"Fri Oct 24 2025 15:37:41 GMT+0530 (India Standard Time)","manual"
"d135e547-0830-4d3e-9c0e-0c816e022af5","Fully furnished Luxury PG - Spacious Rooms - TV in Each Room - Unlimited Wi-Fi - North/South Indian ","Premium PG accommodation in koramangala. Amenities include: wifi, ac, tv, parking, meals, laundry, security. Contact: ",8000.00,"# 73, old No. 72, Govt. School Road, road opp. to police Station, 8th Block, Koramangala Landmark : Koramangala Police Station","Bangalore","Karnataka","koramangala","wifi; ac; tv; parking; meals; laundry; security","",2,4.2,48,"No smoking inside the premises; Visitors allowed only during day time; Maintain cleanliness; Follow house rules",12000,8000,6000,5000,"Fri Oct 24 2025 15:37:41 GMT+0530 (India Standard Time)","manual"
"07021203-6ddc-46e7-b2e0-af6fa6d457bc","New Built well ventilated PG - Fully Furnished Executive Rooms - LED TV in every room - WI-FI Connec","Premium PG accommodation in koramangala. Amenities include: wifi, ac, tv, parking, meals, laundry, security, refrigerator. Contact: ",8000.00,"2nd Cross, Near VRR homes, Opp. to Pizza Hut, Near Koramangala Depot, Koramangala, Bangalore Landmark : Near Pizza Hut and Bata Showroom, Koramangala Depot","Bangalore","Karnataka","koramangala","wifi; ac; tv; parking; meals; laundry; security; refrigerator","",2,4.2,40,"No smoking inside the premises; Visitors allowed only during day time; Maintain cleanliness; Follow house rules",12000,8000,6000,5000,"Fri Oct 24 2025 15:37:41 GMT+0530 (India Standard Time)","manual"
"e5982053-f348-4729-94e0-76a20b1dcf17","New PG with Well Ventilated Rooms - Fully Furnished New Executive Rooms - LED TV in Each room - WI-F","Premium PG accommodation in koramangala. Amenities include: wifi, ac, tv, parking, meals, laundry, security, refrigerator. Contact: ",8000.00,"Near Koramangala Depot, Opp. to Pizza Hut, Near Bata Showroom, Koramangala 6th Block, Bangalore Landmark : Opp. to Indian Oil Petrol Bunk","Bangalore","Karnataka","koramangala","wifi; ac; tv; parking; meals; laundry; security; refrigerator","",2,4.2,21,"No smoking inside the premises; Visitors allowed only during day time; Maintain cleanliness; Follow house rules",12000,8000,6000,5000,"Fri Oct 24 2025 15:37:41 GMT+0530 (India Standard Time)","manual"
"712f4735-8d5c-4bb5-8027-b3323e2b89d5","Fully Furnished New Executive PG - Hi-Speed WI-FI Connectivity - LED TV in every room - North & Sout","Premium PG accommodation in koramangala. Amenities include: wifi, ac, tv, parking, meals, laundry, security, cctv, refrigerator. Contact: ",8000.00,"Exactly Opp. to Marks & Spencers and MTR, Beside Oasis Mall, Sony Signal, Koramangala, Bangalore Landmark: Beside Oasis Mall, Koramangala Sony Junction","Bangalore","Karnataka","koramangala","wifi; ac; tv; parking; meals; laundry; security; cctv; refrigerator","",2,4.2,39,"No smoking inside the premises; Visitors allowed only during day time; Maintain cleanliness; Follow house rules",12000,8000,6000,5000,"Fri Oct 24 2025 15:37:41 GMT+0530 (India Standard Time)","manual"
"88a17d95-f476-4c3e-9555-acfb96ca641c","Fully Furnished New luxury PG - Hi-Speed WI-FI Connectivity - LED TV in every room - North & South I","Premium PG accommodation in koramangala. Amenities include: wifi, ac, tv, parking, meals, laundry, security, cctv, refrigerator. Contact: ",8000.00,"# 36, GNR Legacy, Near Sony World Signal & Canara Bank, 6th Block, Koramangala, Bangalore Landmark : Near Sony world Signal and Koramangala Club","Bangalore","Karnataka","koramangala","wifi; ac; tv; parking; meals; laundry; security; cctv; refrigerator","",2,4.2,49,"No smoking inside the premises; Visitors allowed only during day time; Maintain cleanliness; Follow house rules",12000,8000,6000,5000,"Fri Oct 24 2025 15:37:41 GMT+0530 (India Standard Time)","manual"
"e7af6b71-9982-4925-a564-b50e187987f1","Modern Deluxe PG, Near Ashoka Residency, Patel Narayana Reddy Layout, Koramangala 6th block , Bangal","Premium PG accommodation in koramangala. Amenities include: wifi, ac, tv, parking, meals, laundry, security, cctv, refrigerator, heater. Contact: ",8000.00,"Modern Deluxe PG, Near Ashoka Residency, Patel Narayana Reddy Layout, Koramangala 6th block , Bangalore-95 Landmark : Near Sony World Signal and Koramangala Bus depot","Bangalore","Karnataka","koramangala","wifi; ac; tv; parking; meals; laundry; security; cctv; refrigerator; heater","",2,4.2,58,"No smoking inside the premises; Visitors allowed only during day time; Maintain cleanliness; Follow house rules",12000,8000,6000,5000,"Fri Oct 24 2025 15:37:41 GMT+0530 (India Standard Time)","manual"
"e1e52c65-4074-4771-bad7-9e76d5e70473","Sharing PG photo's & More details Address: # 30/45, Ashirbad, 3rd Cross, Church Road, Koramangala 6t","Premium PG accommodation in koramangala. Amenities include: wifi, ac, tv, parking, meals, security. Contact: ",8000.00,"# 30/45, Ashirbad, 3rd Cross, Church Road, Koramangala 6th Block, Bangalore-95 Landmark: Near NGV Club & Koramangala Depot.","Bangalore","Karnataka","koramangala","wifi; ac; tv; parking; meals; security","",2,4.2,31,"No smoking inside the premises; Visitors allowed only during day time; Maintain cleanliness; Follow house rules",12000,8000,6000,5000,"Fri Oct 24 2025 15:37:41 GMT+0530 (India Standard Time)","manual"
"89b154a0-2194-4669-903e-ac65d4f5818c","Fully Furnished New Executive PG - Hi-Speed WI-FI Connectivity - LED TV in every room - North & Sout","Premium PG accommodation in koramangala. Amenities include: wifi, ac, tv, parking, meals, laundry, security, cctv, refrigerator. Contact: ",8000.00,"17th B Main, near Koramangala Club, Kormangala 6th Block, Bangalore - 560095 Landmark : Near Koramangala Bus Depot and Sony World Signal","Bangalore","Karnataka","koramangala","wifi; ac; tv; parking; meals; laundry; security; cctv; refrigerator","",2,4.2,20,"No smoking inside the premises; Visitors allowed only during day time; Maintain cleanliness; Follow house rules",12000,8000,6000,5000,"Fri Oct 24 2025 15:37:41 GMT+0530 (India Standard Time)","manual"
"01985df6-2ae6-486d-b901-544b6ff2e309","Fully Furnished New luxury PG - Hi-Speed WI-FI Connectivity - LED TV in every room - North & South I","Premium PG accommodation in koramangala. Amenities include: wifi, ac, tv, parking, meals, laundry, security, cctv, refrigerator. Contact: ",8000.00,"# 431/B, 1st B Cross, Kormangala 8th Block, Near Ksheera Sagar Hotel, Bangalore - 560095 Landmark : Near Koramagala Passport Office, Decathlon Mc Donalds and Koramangala Indoor Stadium","Bangalore","Karnataka","koramangala","wifi; ac; tv; parking; meals; laundry; security; cctv; refrigerator","",2,4.2,45,"No smoking inside the premises; Visitors allowed only during day time; Maintain cleanliness; Follow house rules",12000,8000,6000,5000,"Fri Oct 24 2025 15:37:41 GMT+0530 (India Standard Time)","manual"
"a5300bf6-890d-40e3-a116-5cfc09cc7514","Fully furnished Posh PG - LCD TV in Each Room - Unlimited Wi-Fi - Master Bedrooms - North/South Indi","Premium PG accommodation in koramangala. Amenities include: wifi, ac, tv, parking, meals, laundry, security. Contact: ",8000.00,"# 818/E, 17th F1 Main, Koramangala, Bangalore 6th Block, Bangalore-560095 Landmark : Behind Pizza hut, Koramangala Depot","Bangalore","Karnataka","koramangala","wifi; ac; tv; parking; meals; laundry; security","",2,4.2,50,"No smoking inside the premises; Visitors allowed only during day time; Maintain cleanliness; Follow house rules",12000,8000,6000,5000,"Fri Oct 24 2025 15:37:41 GMT+0530 (India Standard Time)","manual"
"b64daf37-a6db-4578-8b1b-1319ee57a6a8","Fully Furnished New Executive PG - Just Like Service Apartment - High Speed Wi-Fi Connectivity - LED","Premium PG accommodation in koramangala. Amenities include: wifi, ac, tv, parking, meals, laundry, security, cctv, refrigerator, microwave. Contact: ",8000.00,"# 9 , 1st Main, 3rd Cross, Opp. IBP petrol bunk, 80 ft. road, 6th Block, koramangala, Bangalore Landmark: Opp. IBP & Pizza Hut & Behind Diabetic Care ( 1 Min walk from koramangala Depot)","Bangalore","Karnataka","koramangala","wifi; ac; tv; parking; meals; laundry; security; cctv; refrigerator; microwave","",2,4.2,27,"No smoking inside the premises; Visitors allowed only during day time; Maintain cleanliness; Follow house rules",12000,8000,6000,5000,"Fri Oct 24 2025 15:37:41 GMT+0530 (India Standard Time)","manual"
"04f4d117-db24-4f10-9951-641c74cb3213","Fully Furnished New Luxury PG - LED TV in each room - High Speed WI-FI Connectivity - North and Sout","Premium PG accommodation in koramangala. Amenities include: wifi, ac, tv, parking, meals, laundry, security. Contact: ",8000.00,"# 52 , Near State Bank of Hyderabad, Koramangala 6th Block, Bangalore Landmark: Near Ooty Chocolate & Canara Bank Bustop, Bangalore","Bangalore","Karnataka","koramangala","wifi; ac; tv; parking; meals; laundry; security","",2,4.2,54,"No smoking inside the premises; Visitors allowed only during day time; Maintain cleanliness; Follow house rules",12000,8000,6000,5000,"Fri Oct 24 2025 15:37:41 GMT+0530 (India Standard Time)","manual"
"22516691-8390-4417-a5c5-762138713401","Fully Furnished New luxury PG - Hi-Speed WI-FI Connectivity - LED TV in every room - North & South I","Premium PG accommodation in koramangala. Amenities include: wifi, ac, tv, parking, meals, laundry, security, cctv, refrigerator. Contact: ",8000.00,"# 2/1, 80 ft. Road, Next to Mangala Kalyana Mantapa, KHB Colony, Kormangala 7th Block, Bangalore - 560095 Landmark : Near Forum Mall Koramangala and Near JNC College","Bangalore","Karnataka","koramangala","wifi; ac; tv; parking; meals; laundry; security; cctv; refrigerator","",2,4.2,31,"No smoking inside the premises; Visitors allowed only during day time; Maintain cleanliness; Follow house rules",12000,8000,6000,5000,"Fri Oct 24 2025 15:37:41 GMT+0530 (India Standard Time)","manual"
"5ccb1f21-ba32-4f4c-86f2-e14c87b1d086","The Bliss PG for Ladies, 223, 5th cross, 4th Block, Opp to Sri Chaitanya PU College, Koramangala 560","Premium PG accommodation in koramangala. Amenities include: wifi, ac, tv, parking, meals, laundry, security, cctv, refrigerator. Contact: ",8000.00,"The Bliss PG for Ladies, 223, 5th cross, 4th Block, Opp to Sri Chaitanya PU College, Koramangala 560034. LANDMARK: Opp. to Sri Chaitanya PU College, Koramangala Sony Signal","Bangalore","Karnataka","koramangala","wifi; ac; tv; parking; meals; laundry; security; cctv; refrigerator","",2,4.2,39,"No smoking inside the premises; Visitors allowed only during day time; Maintain cleanliness; Follow house rules",12000,8000,6000,5000,"Fri Oct 24 2025 15:37:41 GMT+0530 (India Standard Time)","manual"
"83bc89db-59ce-4d0d-9664-52d0cc8b136d","Fully Furnished New luxury PG - Hi-Speed WI-FI Connectivity - LED TV in every room - North & South I","Premium PG accommodation in koramangala. Amenities include: wifi, ac, tv, parking, meals, laundry, security, cctv, refrigerator. Contact: ",8000.00,"# 82, 17th A Main, Kathalipalya, Koramangala 6th Block. Near Canara Bank and Sony World Signal, Bangalore - 560034 Landmark : Near Koramangala Club, Canara Bank and Sony World Signal","Bangalore","Karnataka","koramangala","wifi; ac; tv; parking; meals; laundry; security; cctv; refrigerator","",2,4.2,29,"No smoking inside the premises; Visitors allowed only during day time; Maintain cleanliness; Follow house rules",12000,8000,6000,5000,"Fri Oct 24 2025 15:37:41 GMT+0530 (India Standard Time)","manual"
"8f24bb33-86c9-4e77-960c-80b21c53703f","Fully Furnished New Executive PG - Just Like Service Apartment - High Speed Wi-Fi Connectivity - LED","Premium PG accommodation in koramangala. Amenities include: wifi, ac, tv, parking, meals, laundry, security, cctv, refrigerator, microwave. Contact: ",8000.00,"# 832, 17th F Main Rd, 6th Block, Koramangala, Bengaluru, Karnataka 560095 Landmark: Near Koramangala Club and Koramangala Bus Depot, 2 mins walk from Sony world Signal","Bangalore","Karnataka","koramangala","wifi; ac; tv; parking; meals; laundry; security; cctv; refrigerator; microwave","",2,4.2,55,"No smoking inside the premises; Visitors allowed only during day time; Maintain cleanliness; Follow house rules",12000,8000,6000,5000,"Fri Oct 24 2025 15:37:41 GMT+0530 (India Standard Time)","manual"
"73f74621-d01c-4717-ad85-3868d04e6d42","Fully Furnished New luxury PG - Hi-Speed WI-FI Connectivity - LED TV in every room - North & South I","Premium PG accommodation in koramangala. Amenities include: wifi, ac, tv, parking, meals, laundry, security, cctv, refrigerator. Contact: ",8000.00,"# 506, A K R Arcade, Near Sony World Signal & Koramangala Club, Koramangala 6th BLock, Bangalore Landmark: Very Close to Koramangala Club","Bangalore","Karnataka","koramangala","wifi; ac; tv; parking; meals; laundry; security; cctv; refrigerator","",2,4.2,25,"No smoking inside the premises; Visitors allowed only during day time; Maintain cleanliness; Follow house rules",12000,8000,6000,5000,"Fri Oct 24 2025 15:37:41 GMT+0530 (India Standard Time)","manual"
"8d838a64-97a3-4f40-8076-61aa8d447d54","Fully Furnished New Executive PG - Just Like Service Apartment - High Speed Wi-Fi Connectivity - LED","Premium PG accommodation in koramangala. Amenities include: wifi, ac, tv, parking, meals, laundry, security, cctv, refrigerator, microwave. Contact: ",8000.00,"#447, 17th E Main Road,KHB Block Kormangala ,6th Block, Kormangala , Bengaluru, karnataka 560095 Landmark: Near Koramangala Club and Koramangala Bus Depot, 2 mins walk from Sony world Signal","Bangalore","Karnataka","koramangala","wifi; ac; tv; parking; meals; laundry; security; cctv; refrigerator; microwave","",2,4.2,21,"No smoking inside the premises; Visitors allowed only during day time; Maintain cleanliness; Follow house rules",12000,8000,6000,5000,"Fri Oct 24 2025 15:37:41 GMT+0530 (India Standard Time)","manual"
"188600b0-2a2c-4681-912a-9c58ff8fc0de","Fully Furnished New Executive PG - Just Like Service Apartment - High Speed Wi-Fi Connectivity - LED","Premium PG accommodation in koramangala. Amenities include: wifi, ac, tv, parking, meals, laundry, security, cctv, refrigerator, microwave. Contact: ",8000.00,"#63, Sri Rama Temple Road, Ashwini Layout, Ejipura, Koramangala 6th Block, Bengaluru, Karnataka 560095 Landmark: Near Koramangala Bus Depot and Opp to Indian Oil Petrol Bunk","Bangalore","Karnataka","koramangala","wifi; ac; tv; parking; meals; laundry; security; cctv; refrigerator; microwave","",2,4.2,57,"No smoking inside the premises; Visitors allowed only during day time; Maintain cleanliness; Follow house rules",12000,8000,6000,5000,"Fri Oct 24 2025 15:37:41 GMT+0530 (India Standard Time)","manual"
"0c123f59-11c1-4c6c-8933-4b84d0f0c7b7","Fully Furnished New Executive PG - Just Like Service Apartment - High Speed Wi-Fi Connectivity - LED","Premium PG accommodation in koramangala. Amenities include: wifi, ac, tv, parking, meals, laundry, security, cctv, refrigerator, microwave. Contact: ",8000.00,"AVS Compound, behind GKB OPTICALS, near Sony signal, 4th Block, AVS Layout, Koramangala, Bengaluru, Karnataka 560034 Landmark: Exactly near Sony Signal, Near Oasis Mall, Beside GKB Opticals, next Sams","Bangalore","Karnataka","koramangala","wifi; ac; tv; parking; meals; laundry; security; cctv; refrigerator; microwave","",2,4.2,26,"No smoking inside the premises; Visitors allowed only during day time; Maintain cleanliness; Follow house rules",12000,8000,6000,5000,"Fri Oct 24 2025 15:37:41 GMT+0530 (India Standard Time)","manual"
"4c9b4a2b-67e2-47f9-9eb9-3028245a768f","-PG available for Girls, Boys and Couples - Room with attached bath Kitchen facility - 24hrs electri","Premium PG accommodation in btmlayout2. Amenities include: ac, parking. Contact: ",8000.00,"# 89, Gera Rest House, Anugraha Layout, Phase 2, BTM Layout 2nd Stage, Bengaluru-560076 Landmark : SNN Raj lakeview apartments. Near Jayadeva, Shoppers City and Vega City Mall, Bannerghatta Road","Bangalore","Karnataka","btmlayout2","ac; parking","",2,4.2,46,"No smoking inside the premises; Visitors allowed only during day time; Maintain cleanliness; Follow house rules",12000,8000,6000,5000,"Fri Oct 24 2025 15:32:00 GMT+0530 (India Standard Time)","manual"
"07c3b8c7-50dd-4a16-8fb2-100cf709ca33","-PG available for Girls, Boys and Couples - Room with attached bath Kitchen facility - 24hrs electri","Premium PG accommodation in btmlayout2. Amenities include: ac, parking. Contact: ",8000.00,"# 89, Gera Rest House, Anugraha Layout, Phase 2, BTM Layout 2nd Stage, Bengaluru-560076 Landmark : SNN Raj lakeview apartments. Near Jayadeva, Shoppers City and Vega City Mall, Bannerghatta Road","Bangalore","Karnataka","btmlayout2","ac; parking","",2,4.2,46,"No smoking inside the premises; Visitors allowed only during day time; Maintain cleanliness; Follow house rules",12000,8000,6000,5000,"Fri Oct 24 2025 15:32:00 GMT+0530 (India Standard Time)","manual"
"0ce1242f-2dff-41fe-87a5-dde2f407c630","-PG available for Girls, Boys and Couples - Room with attached bath Kitchen facility - 24hrs electri","Premium PG accommodation in bannerghatta-near-jayadeva. Amenities include: ac, parking. Contact: ",8000.00,"# 89, Gera Rest House, Anugraha Layout, Phase 2, BTM Layout 2nd Stage, Bengaluru-560076 Landmark : SNN Raj lakeview apartments. Near Jayadeva, Shoppers City and Vega City Mall, Bannerghatta Road","Bangalore","Karnataka","bannerghatta-near-jayadeva","ac; parking","",2,4.2,32,"No smoking inside the premises; Visitors allowed only during day time; Maintain cleanliness; Follow house rules",12000,8000,6000,5000,"Fri Oct 24 2025 15:32:00 GMT+0530 (India Standard Time)","manual"
"d8084f95-c913-4b56-ba5a-0cc358322cf3","Pro4 Living  Co-living Space","Live in style with Pro4, Whitefields premium co-living space. With sleek, fully furnished rooms, unlimited buffet with 3 delicious meals every day (including special veg/non-veg dishes), and top-notch amenities like a play area, mini theatre, rooftop dining, and a fully equipped gym, its designed for the way you want to live. Work or chill in our dedicated co-working and party spaces, enjoy high-speed Wi-Fi, smart TVs, and comfy designer interiors. At Pro4 Elegant, you get more than a roomyou get a vibrant community that feels like home",8000.00,"","","","","wifi; parking; meals; security; cctv; laundry","",1,0,0,"",17000,10000,8000,0,"Wed Oct 08 2025 19:42:40 GMT+0530 (India Standard Time)","manual"
"7d429f68-be6e-4ab4-87c5-2c3472ee1385","Budget PG Near ITPL","Affordable PG accommodation for working professionals. Clean rooms with basic amenities. Close to IT companies.",4500.00,"ITPL Road, Whitefield","Bangalore","Karnataka","","wifi; meals; laundry","",3,4.2,6,"Shared accommodation; Keep room clean; No smoking; Respect other residents",0,0,0,0,"Wed Oct 08 2025 09:32:41 GMT+0530 (India Standard Time)","manual"
"51458f97-204a-4206-9a37-0e2ceb951b85","Modern PG for Girls - HSR Layout","Exclusive ladies PG with 24/7 security, CCTV surveillance, and all modern amenities. Located in premium HSR Layout.",12000.00,"HSR Layout, Sector 7","Bangalore","Karnataka","","wifi; meals; security; cctv; ac; parking","",1,4.9,18,"Ladies only accommodation; No male visitors allowed; Curfew time: 10 PM; Maintain decorum",0,0,0,0,"Wed Oct 08 2025 09:32:41 GMT+0530 (India Standard Time)","manual"
"1a0abc03-89bd-4599-8437-b92e4dff06a6","Spacious Shared Room Near Metro","Well-maintained shared accommodation for 2 people. Fully furnished with modern amenities. Walking distance from metro station.",5500.00,"Indiranagar Metro Station","Bangalore","Karnataka","","wifi; meals; laundry; security","",2,4.5,8,"No pets allowed; Quiet hours after 10 PM; Keep common areas clean; Respect roommate privacy",0,0,0,0,"Wed Oct 08 2025 09:32:41 GMT+0530 (India Standard Time)","manual"
"78269f70-6565-4a7a-95cf-1468205c85be","Cozy Private Room in Koramangala","A comfortable private room with attached bathroom in the heart of Koramangala. Perfect for working professionals. Close to tech parks and metro station.",8500.00,"5th Block, Koramangala","Bangalore","Karnataka","","wifi; meals; parking; laundry; ac","",1,4.8,12,"No smoking inside the room; Visitors allowed till 9 PM; Maintain cleanliness; No loud music after 10 PM",0,0,0,0,"Wed Oct 08 2025 09:32:41 GMT+0530 (India Standard Time)","manual"